Attr0,Attr1,Attr2,Attr3,Attr4,Attr5,Attr6,Attr7,Attr8,Attr9,Attr10,Attr11,Attr12,class
65.70005649040547,1.043424645349389,2.3035034663608607,99.4275445505636,308.7719529462001,1.489288611529585,2.051068817368132,163.15315018679422,0.0584956107479107,2.0055085392095515,1.1623269218333725,0,2,1
74.96426593243704,1.049052898037323,2.972462955929009,117.15673276259892,297.4644036107706,0.0292138326248875,1.8529397234031613,160.72733394593195,-0.0265944329537285,2.814825183139704,1.13324763350896,0,2,1
71.35356975710523,1.12525790339461,3.948717879468055,119.75818773921684,243.45419694667925,0.0472298930963564,2.010434868440537,108.05982596879232,1.0407773955032429,2.2591203673205342,1.2515668079815871,0,0,1
70.13436352798622,1.1155946289165632,4.012699631865112,106.9082605527517,319.4077817109008,0.0602583647693348,2.1676056050368,145.6699685458526,1.0718234316992656,2.1960373974008287,1.2206983142101642,2,1,1
