metodo;Silhouette;Davies-Bouldin;Compactness_class_1;KL_mean;JS_mean;Q_multi_attribute_similarity;mDCR
SMOTE;0.171 ± 0.154;2.692 ± 1.409;9.86 ± 7.685;3.193 ± 2.989;0.112 ± 0.087;0.783 ± 0.131;2.532 ± 9.532
SMOTECDNN;0.174 ± 0.154;2.678 ± 1.4;9.879 ± 7.891;3.347 ± 2.955;0.115 ± 0.088;0.778 ± 0.132;2.944 ± 11.792
SYRFD_thr2;0.223 ± 0.139;2.198 ± 0.844;11.037 ± 7.716;4.722 ± 4.062;0.152 ± 0.111;0.747 ± 0.14;5.999799279303605e+18 ± 6.89874260035632e+18
SYRFD_thr4;0.197 ± 0.14;2.418 ± 0.972;9.935 ± 6.512;4.278 ± 3.625;0.142 ± 0.102;0.746 ± 0.143;4.902452164462926e+18 ± 6.591994851287742e+18
SYRFD_thr8;0.191 ± 0.144;2.531 ± 1.091;10.108 ± 6.842;3.855 ± 3.528;0.134 ± 0.099;0.754 ± 0.136;2.8619985991506166e+18 ± 3.8884369695842765e+18
casTGAN;0.185 ± 0.157;2.799 ± 1.362;16.41 ± 14.28;3.345 ± 2.673;0.135 ± 0.073;0.682 ± 0.159;45.184 ± 213.445
