Model,AUC,F1-score,G-mean,Accuracy
Logistic Regression,0.9896907216494845,0.9032258064516129,0.9459626635468983,0.952755905511811
Naive Bayes,0.7847508591065292,0.5247524752475248,0.6914425381079433,0.6220472440944882
SVM,0.9907216494845361,0.896,0.9434163260518489,0.9488188976377953
KNN,0.9709621993127148,0.8571428571428571,0.9188742552206023,0.9291338582677166
Random Forest,0.9862972508591065,0.9180327868852459,0.9510348857701751,0.9606299212598425
Decision Tree,0.8536082474226804,0.7619047619047619,0.8519232335582172,0.8818897637795275
