Attr0,Attr1,Attr2,Attr3,Attr4,Attr5,Attr6,Attr7,Attr8,Attr9,Attr10,Attr11,Attr12,Attr13,Attr14,Attr15,class
0,28.340711625950647,1.852487882677436,54.343584181697786,1,0,1,2,1,0,1,0,1,0,1,2,1
0,23.9585396231643,1.9211684411040724,63.47567257411531,1,0,1,2,1,0,1,0,1,0,0,2,1
