Attr0,Attr1,Attr2,Attr3,Attr4,Attr5,Attr6,class
0.5866656930193481,0.3903368768299414,0.4826072561588834,0.5,0.5448675882876923,0.6168569783096673,0.777488208993913,0
0.5592324553014172,0.45198168069841943,0.48336751233167424,0.5,0.6522797639056123,0.7493661818165483,0.8894362335112023,1
